20001198,2.84,0.90,0.43,0.66,0.68,0.48,0.68,0.68,0.68,0.09,0.01,0.25,0.03,-0.07,0.25,6.00,6.00,6.00,0.51,0.51,4.13
20001670,0.42,1.04,2.16,0.68,0.68,0.68,0.57,0.57,0.68,0.20,0.23,0.18,0.25,0.25,0.23,6.00,6.00,6.00,1.53,2.17,0.58
20003350,1.06,1.61,0.34,0.59,0.59,0.45,0.59,0.59,0.68,-0.21,-0.18,-0.08,0.25,0.25,0.02,4.30,4.64,6.00,6.80,6.80,0.51
20006985,2.36,0.12,0.01,0.60,0.60,0.68,0.60,0.60,0.68,0.25,-0.06,0.01,-0.06,0.25,-0.02,4.89,3.75,0.50,6.80,6.80,6.80
20008010,20.68,4.73,3699.62,-0.09,0.68,-0.09,-0.59,0.68,-0.43,-0.01,-0.18,0.01,-0.16,0.25,-0.20,3.77,3.43,6.00,0.51,0.51,0.51
20008663,0.99,0.72,1.05,0.68,0.68,0.62,0.68,0.68,0.68,0.08,0.12,-0.24,0.13,0.25,-0.25,6.00,6.00,6.00,0.51,0.51,0.73
20009353,1.74,93.05,0.93,0.59,-0.09,-0.26,0.59,-0.08,-0.68,-0.12,0.02,-0.25,-0.02,0.25,-0.12,4.27,6.00,0.50,6.80,0.51,4.11
20009371,0.63,1.18,0.56,0.68,0.68,0.62,0.68,0.68,0.68,-0.22,-0.20,-0.25,-0.25,-0.25,-0.25,6.00,6.00,6.00,1.91,0.94,5.51
20009980,21.61,6.27,2.06,-0.60,-0.08,0.59,-0.09,-0.08,0.68,-0.25,-0.12,-0.25,-0.23,0.25,0.25,6.00,6.00,3.34,0.56,0.51,0.51
20011002,0.02,0.17,0.08,0.68,0.68,0.57,0.68,0.68,0.68,-0.25,-0.25,-0.25,0.01,0.06,0.18,0.87,1.22,6.00,0.51,0.51,1.75
20011656,7.50,2.96,4.39,0.59,0.59,-0.08,0.60,0.60,-0.09,0.25,0.25,-0.00,-0.02,0.03,-0.20,5.30,4.85,6.00,6.80,6.80,0.51
20011714,6.52,2.09,1.55,0.68,0.59,0.46,-0.68,0.60,0.68,-0.25,-0.25,-0.25,-0.25,-0.25,-0.25,0.50,3.72,6.00,3.22,6.80,1.12
20012163,3.97,4.62,7.07,0.68,0.68,-0.09,0.68,0.68,-0.09,0.25,0.25,0.04,-0.25,-0.25,-0.25,0.52,0.50,6.00,0.51,0.51,0.51
20012489,3.02,3.26,0.42,0.68,0.68,0.68,0.66,0.63,0.68,0.16,0.25,-0.03,-0.25,-0.25,-0.25,3.33,6.00,6.00,0.51,0.51,0.82
20012868,0.01,0.01,0.00,0.68,0.68,0.68,0.68,0.68,0.68,-0.22,-0.20,-0.20,0.25,0.25,0.25,0.50,0.50,0.50,6.80,6.80,6.80
20013117,2.96,1.70,3.51,0.60,0.68,-0.09,0.60,0.68,-0.09,-0.25,-0.03,0.06,-0.16,0.25,-0.11,6.00,6.00,6.00,6.80,0.51,0.51
20013442,60.30,12.72,1.55,-0.09,0.60,0.59,-0.09,0.60,0.68,-0.25,0.25,0.07,0.05,0.25,-0.03,6.00,5.66,6.00,0.51,6.79,0.51
20013811,0.04,0.01,0.01,0.68,0.68,0.68,0.65,0.68,0.68,0.14,0.14,0.01,-0.25,0.15,0.25,6.00,6.00,0.50,3.86,6.80,6.80
20014318,3.46,0.95,0.40,0.68,0.68,0.60,0.56,0.57,0.59,0.11,0.11,0.13,-0.25,-0.25,-0.25,6.00,4.05,3.41,6.17,6.80,6.80
20014540,0.87,0.74,0.54,0.68,0.68,0.68,0.60,0.47,0.16,-0.25,-0.25,-0.22,-0.25,-0.25,-0.25,2.24,0.59,2.39,0.97,0.95,1.96
20014765,5.09,4.31,1.80,-0.68,-0.68,-0.68,0.37,0.68,0.68,0.25,0.25,0.25,0.25,-0.16,-0.13,0.50,0.50,0.50,3.18,1.73,1.82
20015582,0.27,1.82,0.54,0.65,0.67,0.53,0.65,0.67,0.68,-0.10,-0.08,-0.09,0.23,0.25,0.20,0.67,0.53,0.50,0.51,0.51,0.53
20015594,0.23,0.86,0.07,0.54,0.55,0.68,0.63,0.64,0.68,-0.25,-0.25,0.04,0.25,0.25,-0.08,6.00,6.00,1.21,1.09,2.08,6.80
20017903,0.19,0.28,0.16,0.62,0.60,0.40,0.68,0.68,0.68,0.21,0.25,0.06,0.25,0.25,0.25,1.67,1.30,6.00,0.51,0.51,0.54
20018335,16.61,113.47,6.63,-0.09,-0.09,-0.08,-0.08,-0.08,-0.08,0.25,0.09,0.00,0.25,-0.25,-0.25,2.52,6.00,6.00,0.51,0.51,0.51
20018485,0.31,0.90,0.08,0.58,0.58,0.45,0.68,0.68,0.68,-0.25,-0.25,-0.25,-0.02,0.01,-0.01,1.00,1.07,0.59,0.51,0.51,0.62
20018532,6.13,149.55,0.62,0.45,-0.09,0.44,0.68,-0.60,0.68,-0.21,0.10,-0.23,-0.25,0.16,-0.25,4.30,6.00,6.00,0.51,0.51,0.95
20018553,1.78,2.99,1.91,0.60,0.60,0.42,0.60,0.60,0.60,0.03,0.02,0.06,0.25,0.25,0.25,6.00,6.00,4.61,2.72,6.54,4.50
20019979,17.49,9.75,2.33,0.68,0.68,0.68,0.68,0.66,0.68,0.25,0.25,0.25,-0.02,-0.02,0.06,1.96,2.21,1.35,1.17,1.34,1.89
20020013,51.52,2.00,1.69,-0.09,0.60,0.42,-0.08,0.43,0.60,0.04,0.03,0.15,0.25,0.11,-0.24,4.05,6.00,5.52,0.51,6.80,6.80
20020274,1.16,1.67,428872.60,0.68,0.68,-0.59,0.52,0.53,-0.59,0.25,0.25,-0.25,0.11,0.13,0.08,5.81,6.00,6.00,0.51,0.60,0.51
20020296,3.39,4.87,295.46,0.68,0.68,-0.68,0.55,0.58,-0.68,0.25,0.25,0.25,-0.14,-0.06,-0.25,6.00,5.64,0.50,0.51,0.51,0.51
20020703,0.21,2.03,1.17,0.68,0.68,0.63,0.51,0.53,0.68,-0.18,0.23,0.01,0.11,0.25,0.16,0.83,6.00,6.00,0.65,1.47,0.70
20021510,0.36,4.77,4.83,0.58,0.57,0.09,0.68,0.68,-0.09,0.03,-0.20,0.23,0.24,0.25,-0.07,6.00,6.00,6.00,2.02,0.51,0.51
20022318,2.65,2.76,0.74,0.60,0.60,0.68,0.59,0.60,-0.68,-0.14,-0.14,0.13,-0.25,-0.25,-0.25,3.94,3.60,0.50,6.80,6.80,4.63
20023078,0.01,0.03,0.10,0.61,0.63,0.50,0.68,0.68,0.68,0.24,0.25,0.01,0.23,0.25,0.21,0.50,0.50,0.50,0.51,0.51,0.59
20023548,0.31,0.42,0.60,0.61,0.65,0.52,0.65,0.62,0.35,0.00,-0.05,-0.03,0.25,0.24,0.09,3.67,6.00,5.88,0.70,1.52,6.80
20023574,0.10,0.38,0.29,0.47,0.48,0.38,0.68,0.66,0.68,-0.11,-0.12,-0.12,0.18,0.25,0.25,6.00,6.00,6.00,0.82,0.51,0.51
20023721,3.78,111.91,3.82,0.51,-0.68,0.33,0.56,-0.68,0.68,-0.05,0.25,-0.11,-0.18,-0.25,-0.25,6.00,0.50,1.76,0.52,0.51,0.51
20024266,0.69,0.80,0.79,0.49,0.50,0.35,0.67,0.68,0.68,-0.14,-0.24,-0.25,0.05,0.12,0.15,0.77,4.89,6.00,0.51,0.51,0.56
20024427,34.34,49.03,9.81,-0.09,-0.08,-0.09,-0.09,-0.09,-0.08,0.25,0.03,-0.25,0.25,-0.25,-0.25,2.84,6.00,6.00,0.51,0.51,0.51
20025034,0.67,0.77,4.17,0.60,0.60,0.26,0.60,0.60,0.62,-0.25,-0.25,-0.25,0.25,0.25,0.25,4.27,4.18,6.00,6.80,6.80,0.51
20025049,1.27,1.44,0.67,0.60,0.60,0.49,0.59,0.58,0.68,-0.25,-0.25,-0.25,-0.13,-0.15,-0.15,1.71,2.56,2.72,0.51,0.51,0.51
20025151,0.05,0.14,0.68,0.52,0.53,0.35,0.61,0.63,0.68,-0.15,-0.15,-0.25,-0.06,0.17,0.25,0.73,0.91,4.86,0.51,0.51,2.28
20027570,0.40,0.66,0.29,0.62,0.64,0.59,0.54,0.52,0.60,-0.20,-0.12,-0.25,-0.19,-0.23,-0.25,6.00,6.00,4.30,0.51,0.51,6.74
20027578,0.20,0.27,0.50,0.68,0.68,0.68,0.46,0.46,0.64,0.25,0.25,0.25,-0.14,-0.18,-0.25,5.33,5.33,0.50,6.80,6.80,1.62
20028062,0.82,2.55,6.84,0.68,0.68,-0.08,0.54,0.55,-0.09,0.24,0.16,-0.04,0.03,0.03,-0.25,0.64,6.00,6.00,0.58,0.51,0.51
20029886,357.06,23.03,3.11,-0.59,-0.09,0.58,-0.09,0.08,0.68,-0.02,0.15,-0.25,-0.19,-0.00,0.25,6.00,6.00,2.80,0.51,0.51,0.51
20031094,0.10,0.32,0.12,0.68,0.68,0.63,0.68,0.68,0.68,-0.03,-0.03,-0.25,-0.22,-0.25,-0.25,6.00,6.00,6.00,0.51,0.51,0.51
20031597,0.48,1.08,0.28,0.68,0.68,0.68,0.68,0.64,0.68,0.16,0.25,0.25,-0.02,0.14,0.19,6.00,6.00,3.23,6.80,6.80,6.80
20032608,11.33,19.72,2.25,0.61,0.59,0.61,0.68,0.68,0.68,-0.16,-0.23,-0.22,-0.13,-0.04,-0.23,6.00,2.29,6.00,0.97,0.51,1.11
20034562,0.02,0.02,0.03,0.56,0.54,0.36,0.68,0.68,0.68,0.22,0.25,0.18,0.25,0.25,0.25,0.51,0.53,1.16,0.60,0.58,0.62
20034596,0.96,0.69,0.24,0.68,0.68,0.68,0.68,0.68,-0.68,0.10,0.06,0.09,-0.25,-0.07,-0.25,6.00,6.00,0.50,4.77,2.51,6.80
20035280,0.19,0.47,0.30,0.68,0.68,0.55,0.68,0.68,0.68,0.25,0.25,0.08,0.25,0.25,0.25,0.58,0.50,0.50,0.51,0.51,0.51
20035385,0.26,1.29,1.15,0.68,0.68,0.57,0.68,0.68,0.68,-0.00,-0.01,-0.18,0.25,0.25,0.19,5.79,6.00,6.00,0.51,0.51,0.51
20035592,0.03,0.03,0.03,0.68,0.68,0.63,0.68,0.68,0.68,-0.07,-0.14,-0.25,0.23,0.25,0.11,0.50,2.67,0.50,0.51,0.51,0.54
20036088,0.98,3.08,63.57,0.68,0.68,-0.26,0.68,0.68,-0.60,-0.17,-0.07,-0.20,0.25,0.25,-0.18,6.00,6.00,6.00,1.01,1.18,0.51
20036289,0.64,0.30,0.10,-0.68,-0.68,-0.68,-0.68,-0.68,-0.68,0.25,0.12,0.09,0.25,0.25,0.25,0.50,0.50,0.50,4.45,4.39,4.30
20036949,0.04,0.11,0.04,0.57,0.57,0.45,0.66,0.67,0.68,-0.25,-0.25,-0.25,-0.25,-0.25,-0.25,0.57,0.60,1.11,0.54,0.51,0.51
20037056,2705.73,434.42,15.54,-0.68,0.68,-0.68,-0.68,-0.68,-0.68,0.25,0.25,0.25,-0.25,-0.25,-0.25,0.50,0.50,0.50,1.35,0.51,0.51
20037804,0.53,1.47,2.69,0.60,0.60,0.43,0.68,0.62,0.60,-0.19,-0.14,-0.25,0.20,0.25,0.25,6.00,6.00,5.47,0.51,0.51,6.80
20038654,4.17,259.79,1.69,0.40,-0.09,-0.68,0.68,-0.60,0.42,0.25,-0.25,0.25,0.25,0.25,0.25,5.35,6.00,0.50,6.80,0.51,2.34
20040746,19.86,1357.91,1.46,0.42,-0.68,0.42,-0.07,-0.68,0.60,-0.25,0.25,-0.25,-0.05,0.25,-0.19,4.52,0.50,4.00,0.51,0.51,6.80
20042097,2.59,11.56,2.47,0.68,-0.09,0.62,0.68,-0.08,0.68,-0.25,-0.00,-0.25,0.10,-0.25,-0.18,6.00,6.00,6.00,1.18,0.51,0.51
20042763,23.58,10.76,1.70,0.68,0.68,0.68,-0.68,-0.68,-0.68,0.25,0.25,0.25,-0.25,-0.25,-0.25,0.50,0.50,0.50,4.63,4.67,4.71
20042768,1.03,1.21,0.45,0.68,0.68,0.45,0.68,0.68,0.68,0.25,0.25,0.23,0.25,0.25,0.25,5.97,6.00,6.00,0.64,1.20,6.80
20042863,0.22,1.03,0.51,0.62,0.63,0.48,0.65,0.63,0.68,0.25,0.25,0.25,0.17,0.24,0.17,1.98,2.43,4.76,0.51,0.51,0.51
20043338,4.25,2.20,0.79,0.62,0.63,0.56,0.68,0.68,0.68,-0.13,-0.24,-0.25,0.06,0.01,0.09,6.00,6.00,6.00,0.51,0.51,1.49
20043798,0.18,0.56,0.74,0.64,0.65,0.47,0.68,0.68,0.68,0.08,0.13,0.19,0.06,0.10,0.20,6.00,6.00,6.00,2.13,2.59,3.55
20044451,0.72,0.63,0.66,0.52,0.53,0.29,0.63,0.61,0.68,0.25,0.25,0.25,-0.15,-0.15,-0.25,6.00,5.40,6.00,5.18,6.80,5.77
20045636,0.20,0.19,0.10,0.68,0.68,0.60,0.66,0.64,0.68,-0.23,-0.24,-0.19,0.22,0.25,0.25,0.50,0.50,6.00,0.69,0.75,4.50
20045832,0.47,1.76,14.30,0.62,0.64,0.51,0.68,0.68,0.68,0.25,0.23,0.10,0.13,0.21,0.25,1.77,6.00,0.50,0.54,0.51,0.51
20046811,0.21,0.48,0.10,0.45,0.48,0.36,0.54,0.55,0.68,0.19,0.20,0.10,0.25,0.25,0.25,0.50,0.50,6.00,0.63,0.61,2.24
20046874,6.60,1.86,23.14,0.63,0.61,-0.68,0.61,0.55,-0.68,0.01,-0.03,0.25,-0.25,-0.23,0.25,6.00,6.00,0.50,0.80,1.39,0.51
20047297,0.10,0.15,0.09,0.55,0.64,0.50,0.68,0.61,0.68,-0.18,-0.21,-0.21,-0.25,-0.25,-0.25,6.00,0.50,6.00,3.44,0.68,3.76
20047677,0.00,0.00,0.01,0.42,0.42,0.31,0.60,0.60,0.68,-0.04,-0.05,-0.06,-0.25,-0.25,-0.25,4.18,4.13,6.00,6.80,6.80,6.80
20047808,0.64,0.77,0.52,0.42,0.42,0.28,0.60,0.59,0.68,0.25,0.25,0.25,-0.01,0.02,0.02,3.63,3.95,6.00,6.80,6.80,6.80
20047916,47.86,4.25,0.48,-0.59,0.51,0.43,-0.42,0.68,0.68,0.07,-0.04,-0.11,0.14,-0.25,-0.25,4.33,6.00,6.00,0.51,0.51,2.36
20048623,2.56,2.36,1.72,0.60,0.60,0.43,0.59,0.60,0.60,0.25,0.25,0.25,-0.25,-0.25,-0.25,3.54,3.48,4.14,6.80,6.80,6.80
20050006,3.19,5.23,2.26,0.51,0.55,0.43,0.62,0.60,0.62,0.23,0.25,0.17,0.09,0.15,0.08,2.68,2.30,6.00,0.51,0.51,0.51
20050030,0.02,0.14,0.21,0.59,0.59,0.42,0.59,0.60,0.59,0.04,0.10,0.25,0.25,0.25,0.25,3.98,4.36,4.15,6.80,6.80,6.80
20050808,0.01,0.02,0.02,0.54,0.53,0.68,0.63,0.68,-0.68,-0.25,-0.25,0.00,-0.25,-0.25,0.03,0.85,0.70,0.50,0.65,0.63,6.80
20051233,2756.42,1.59,27.69,-0.68,0.67,-0.42,-0.68,0.60,-0.60,-0.25,0.19,-0.25,-0.25,0.12,-0.15,0.50,0.50,6.00,0.51,0.51,0.51
20051294,0.16,0.14,0.03,0.57,0.57,0.41,0.68,0.68,0.68,-0.25,-0.25,-0.18,0.25,0.25,0.24,6.00,6.00,6.00,0.51,0.51,1.37
20051379,1.46,0.79,2.92,0.54,0.57,0.39,0.60,0.62,0.68,-0.16,-0.17,-0.16,0.25,0.25,0.25,5.43,1.82,4.63,1.26,0.77,0.51
20053499,1.68,8.55,0.52,0.68,-0.08,0.68,0.68,-0.08,0.68,0.05,-0.12,-0.10,0.13,0.01,-0.01,6.00,6.00,6.00,1.55,0.51,1.26
20054093,2.08,1.60,0.88,0.68,0.59,0.68,0.57,0.60,0.09,0.18,0.20,0.25,-0.25,-0.25,-0.25,4.34,3.65,0.50,6.80,6.80,2.90
20055927,9.84,5.36,0.81,0.68,0.60,0.65,0.68,0.60,0.68,-0.14,-0.03,0.01,0.25,0.25,0.25,6.00,4.73,6.00,1.29,6.80,4.09
20055971,0.21,0.68,1.27,0.68,0.68,-0.09,0.65,0.63,-0.08,-0.03,-0.06,0.25,-0.11,-0.02,0.02,6.00,6.00,6.00,0.81,0.75,0.51
20057732,5.75,2.38,2.91,0.68,0.68,0.61,0.63,0.63,0.62,0.03,0.08,0.06,0.25,0.25,0.25,5.88,6.00,6.00,0.51,0.51,0.51
20057823,3.48,1.74,0.91,0.68,0.68,0.68,0.60,0.60,0.68,-0.19,-0.21,-0.22,-0.25,-0.25,-0.25,6.00,6.00,4.28,6.78,6.78,6.80
20057940,9826.80,3.10,7307.70,-0.09,0.68,-0.09,-0.08,0.62,-0.08,0.03,0.25,0.07,-0.25,-0.04,-0.25,6.00,6.00,6.00,0.57,0.51,0.51
20058037,6.66,3.32,6447.87,0.60,0.59,-0.09,0.59,0.59,-0.09,0.25,-0.25,-0.09,-0.25,-0.25,0.25,4.65,4.50,6.00,6.80,6.80,0.51
20059924,4.84,10.14,16.23,0.59,0.60,-0.68,0.43,0.59,-0.68,0.25,0.25,0.25,-0.20,-0.20,-0.25,4.33,5.83,0.50,6.80,6.80,0.51
20060583,1.06,1.34,1.77,0.56,0.51,0.44,0.68,0.68,0.68,0.20,0.17,0.22,0.04,0.07,0.08,1.43,2.65,3.89,0.67,0.67,0.51
20060752,0.12,0.07,0.10,0.55,0.46,0.08,0.68,0.68,0.68,0.17,-0.04,-0.25,-0.02,-0.10,-0.12,6.00,6.00,2.65,1.10,4.29,6.80
20061659,1.49,1.16,1.09,0.68,0.68,0.68,0.68,0.68,0.68,0.25,0.25,0.25,-0.05,0.09,0.21,3.84,3.98,4.65,6.80,6.80,6.80
20061697,0.38,2.61,0.31,0.61,0.60,0.56,0.61,0.60,0.68,0.01,0.05,-0.25,0.25,0.25,0.25,6.00,6.00,6.00,0.51,0.51,0.51
20061886,0.12,0.26,0.22,0.68,0.68,0.58,0.68,0.68,0.68,0.17,0.23,-0.02,0.10,0.14,0.25,6.00,0.90,6.00,2.40,0.72,5.54
20061896,7.63,8.67,7.28,-0.64,-0.60,-0.68,0.68,0.68,0.68,0.25,0.25,0.18,-0.25,-0.25,-0.25,0.50,0.50,0.50,1.38,1.35,1.20
20062104,1.07,112.94,0.62,0.68,-0.09,0.61,0.68,-0.59,0.68,-0.02,-0.07,-0.16,0.16,-0.25,0.12,0.53,6.00,0.50,0.53,0.51,0.59
20063724,0.16,0.39,0.20,0.50,0.49,0.34,0.68,0.68,0.68,0.17,0.16,0.05,0.08,0.20,0.04,6.00,6.00,6.00,0.51,0.51,0.75
20064600,0.51,0.60,0.41,0.63,0.63,0.54,0.68,0.68,0.68,0.06,0.10,-0.02,-0.18,-0.16,-0.14,0.50,0.50,0.50,0.51,0.51,0.51
20064672,0.07,0.14,0.11,0.47,0.47,0.34,0.68,0.68,0.68,0.25,0.25,0.25,0.21,0.25,-0.25,6.00,6.00,6.00,0.78,0.78,6.80
20064845,1.58,3.25,1.01,0.45,0.58,0.43,0.68,0.63,0.68,-0.25,-0.25,-0.25,-0.02,-0.02,-0.12,6.00,6.00,6.00,0.51,0.51,0.60
20065423,13.79,61.04,3.37,-0.08,-0.60,0.57,0.60,-0.25,0.68,-0.16,-0.09,-0.25,0.25,-0.25,0.25,4.37,6.00,6.00,2.00,0.51,0.51
20065688,10.15,6.73,50.10,-0.08,-0.09,-0.08,-0.08,-0.09,-0.09,0.01,-0.01,0.02,0.17,-0.15,-0.25,6.00,6.00,6.00,0.51,0.51,0.51
20066475,0.01,0.09,0.10,0.53,0.56,0.48,0.61,0.63,0.68,0.05,0.06,0.02,-0.25,-0.25,-0.25,1.56,1.36,6.00,0.59,0.60,1.77
20066963,1.87,1.50,1.00,0.56,0.56,0.41,0.68,0.68,0.68,-0.01,-0.02,-0.15,0.10,0.14,0.02,6.00,6.00,6.00,0.51,0.62,1.98
20067237,0.43,0.38,0.33,0.68,0.68,0.68,0.68,0.68,0.68,-0.25,-0.25,-0.25,0.25,0.25,0.25,0.50,0.50,0.50,6.80,6.80,6.80
20068002,398.65,1.60,2.17,-0.26,0.61,0.46,-0.59,0.68,0.68,-0.25,0.21,-0.25,0.25,-0.25,-0.25,6.00,6.00,6.00,0.73,0.67,0.61
20070204,55.11,13.19,16.81,-0.68,-0.09,-0.60,-0.68,-0.09,-0.42,-0.25,-0.25,-0.11,-0.25,-0.13,-0.25,0.50,6.00,6.00,0.51,0.51,1.82
20074848,0.37,0.39,1.54,0.64,0.67,0.42,0.68,0.66,0.68,-0.19,-0.08,-0.25,0.25,0.25,0.25,6.00,5.57,6.00,5.59,6.80,1.90
20075212,1.09,2.17,0.52,0.54,0.59,0.42,0.57,0.59,0.60,-0.25,-0.25,-0.25,-0.21,-0.25,-0.25,6.00,4.57,4.26,0.94,6.80,6.80
20075965,2.55,23.65,1.46,0.42,-0.68,0.24,0.68,-0.68,0.68,0.25,-0.25,0.21,0.25,-0.25,0.25,0.50,0.50,0.50,1.05,0.51,0.99
20076923,0.97,1.24,4.48,0.44,0.44,-0.08,0.68,0.68,0.60,0.25,0.25,-0.12,0.21,0.22,0.25,6.00,6.00,5.10,0.51,0.51,0.53
20077838,7.79,30.11,2.08,0.30,-0.49,0.24,0.65,-0.68,0.68,-0.05,0.25,-0.11,0.11,-0.25,0.03,6.00,0.50,6.00,1.07,0.51,1.27
20077905,0.28,0.28,0.11,0.54,0.60,0.43,0.67,0.68,0.68,-0.05,-0.06,-0.09,0.25,0.25,0.25,6.00,6.00,6.00,3.66,5.79,6.34
20079312,1.36,1.21,2.96,-0.42,0.42,0.09,-0.15,0.59,0.08,0.09,0.03,0.10,0.25,0.25,0.25,0.50,3.57,6.00,1.66,6.80,0.51
20079701,3.36,2.19,0.50,-0.36,0.17,0.21,0.68,0.68,0.68,-0.25,-0.25,-0.25,-0.25,-0.25,-0.25,0.50,0.50,0.50,2.79,2.37,2.35
20079906,0.13,0.99,1.06,0.68,0.68,0.68,0.63,0.67,0.68,0.25,0.25,0.25,-0.02,-0.02,-0.21,6.00,6.00,6.00,2.18,0.69,0.58
20080503,1.80,6.45,1.72,0.61,0.62,0.46,0.57,0.60,0.68,0.10,0.15,0.09,0.25,0.25,0.14,1.14,6.00,6.00,0.51,0.51,0.51
20080504,1.87,2.79,0.23,0.61,0.68,0.60,0.68,0.57,0.60,-0.25,-0.22,-0.13,-0.25,-0.25,-0.06,2.11,6.00,3.63,2.15,1.37,6.80
20080574,9.23,3.37,1.38,0.61,0.68,0.59,0.44,0.53,0.60,-0.25,-0.15,-0.25,0.25,0.25,0.25,6.00,6.00,4.44,0.86,0.79,6.80
20081251,0.04,0.04,0.03,0.68,0.68,0.57,0.62,0.64,0.68,0.25,0.25,0.25,0.25,0.25,0.25,0.50,0.50,0.50,0.63,0.59,0.58
20081374,0.09,0.15,0.28,0.68,0.68,0.68,0.68,0.68,0.68,0.25,0.25,-0.11,0.25,0.25,-0.25,0.50,0.50,4.36,0.65,0.68,6.80
20081380,2.02,1.05,0.56,0.68,0.68,0.65,0.61,0.63,0.68,0.25,-0.03,-0.23,-0.18,-0.04,-0.13,6.00,6.00,6.00,1.62,0.51,0.51
20084291,1.76,2.50,0.75,0.54,0.43,0.37,0.64,0.60,0.68,0.16,0.15,0.14,0.07,0.25,0.11,6.00,4.70,6.00,1.12,6.80,1.10
20085303,0.75,1.28,1.41,0.67,0.60,0.60,0.63,0.59,0.59,-0.25,0.25,0.25,0.09,-0.25,-0.25,6.00,3.66,4.73,1.66,6.80,6.80
20085333,0.48,1.01,0.17,0.68,0.68,0.59,0.61,0.65,0.68,-0.19,-0.15,-0.03,-0.15,-0.06,0.04,1.24,6.00,6.00,0.67,0.62,0.72
20085348,0.06,0.32,0.10,0.59,0.60,0.43,0.55,0.57,0.60,-0.04,-0.11,-0.01,-0.23,-0.25,-0.25,6.00,6.00,4.89,0.51,0.51,6.80
20086196,2.42,0.88,0.21,0.60,0.60,0.68,0.42,0.59,-0.68,-0.25,-0.25,-0.25,-0.16,-0.13,-0.03,3.65,3.87,0.50,6.80,6.80,2.91
20086198,0.11,0.69,0.25,0.49,0.59,0.39,0.68,0.59,0.68,-0.03,0.25,-0.25,0.25,-0.25,0.25,6.00,5.07,6.00,0.51,6.80,0.51
20088325,0.05,0.13,0.50,0.68,0.68,0.62,0.63,0.63,0.68,0.25,0.25,-0.08,-0.25,-0.25,-0.25,6.00,6.00,6.00,0.51,0.51,0.51
20088769,11.36,5.52,2.12,0.49,0.41,0.38,0.68,0.68,0.68,0.17,0.03,0.10,-0.25,-0.25,-0.25,3.09,0.50,2.04,0.71,0.92,0.94
20089188,0.06,0.12,0.10,0.54,0.56,0.45,0.49,0.51,0.68,0.21,0.25,0.21,-0.16,-0.16,-0.25,1.34,1.27,4.85,0.51,0.51,0.53
20089909,0.09,0.12,0.06,0.56,0.57,0.45,0.67,0.68,0.68,-0.03,0.05,-0.06,-0.20,-0.21,-0.24,3.16,3.01,6.00,0.59,0.51,1.00
20090046,1.67,3.94,0.70,0.42,0.43,0.33,0.60,0.59,0.68,0.25,0.25,0.21,-0.24,-0.25,-0.23,3.73,4.50,6.00,6.80,6.80,2.65
20090882,0.13,0.25,0.20,0.59,0.60,0.42,0.59,0.59,0.59,-0.10,-0.10,-0.02,0.25,0.25,0.25,4.03,4.14,3.60,6.80,6.80,6.80
20091965,20.06,136.19,5.11,0.61,-0.59,0.59,0.57,-0.60,0.60,-0.25,-0.05,-0.25,-0.09,0.06,-0.10,6.00,6.00,6.00,0.51,0.51,3.55
20093736,4.87,682.54,2.53,0.63,-0.26,0.59,0.42,-0.60,0.50,-0.01,-0.25,-0.18,-0.25,0.25,-0.18,6.00,6.00,0.50,0.51,0.51,0.51
20093810,1.12,1.02,0.38,0.68,0.68,0.57,0.53,0.54,0.68,-0.07,-0.03,-0.03,-0.25,-0.25,-0.25,6.00,6.00,6.00,1.19,1.59,2.98
20093825,0.18,0.20,0.07,0.68,0.68,0.65,0.44,0.45,0.64,0.19,0.21,0.22,0.05,0.08,-0.02,1.31,1.28,6.00,0.54,0.51,0.72
20093841,0.11,0.20,0.19,0.66,0.67,0.58,0.58,0.53,0.57,-0.25,-0.25,-0.25,-0.17,-0.25,-0.25,2.24,6.00,5.15,1.07,3.61,6.80
20094668,0.15,0.54,0.21,0.68,0.68,0.54,0.52,0.51,0.66,-0.03,-0.03,-0.09,0.25,0.25,0.25,0.85,0.72,6.00,0.57,0.59,1.30
20095033,0.05,0.05,0.04,0.68,0.68,0.68,0.68,0.68,0.68,0.14,0.13,0.10,0.25,0.25,0.25,0.50,0.50,0.50,6.80,6.80,6.80
20095708,0.57,0.94,0.39,0.66,0.68,0.60,0.52,0.53,0.60,-0.09,-0.09,-0.21,-0.25,-0.25,0.25,5.54,6.00,3.95,0.51,0.51,6.77
20095800,12.60,2.04,7.40,-0.09,0.59,-0.09,-0.09,0.60,-0.09,-0.09,-0.22,0.01,-0.07,0.25,0.25,6.00,4.11,6.00,0.51,6.80,0.51
20096494,14.01,5.89,4.94,-0.09,-0.09,-0.08,-0.09,-0.08,-0.09,-0.04,0.25,-0.25,0.22,-0.06,0.09,6.00,3.81,6.00,0.51,0.51,0.51
20096829,0.05,0.20,0.27,0.68,0.54,0.44,0.68,0.68,0.68,0.25,0.25,0.25,0.21,0.25,0.22,1.16,0.50,0.50,0.51,0.54,0.54
20097327,147.39,34.84,5.27,-0.25,-0.68,0.45,-0.60,-0.68,0.68,-0.25,0.25,-0.25,0.03,0.25,0.25,6.00,0.50,0.50,0.53,0.51,0.51
20097419,0.19,0.38,0.39,0.65,0.67,-0.68,0.64,0.64,-0.50,-0.12,-0.15,0.10,-0.05,-0.05,0.25,0.66,0.61,0.50,0.53,0.51,2.18
20098308,0.85,2.41,1.92,0.68,0.68,0.56,0.45,0.45,0.57,-0.25,-0.25,-0.25,-0.14,-0.14,-0.02,2.02,2.35,6.00,0.55,0.51,0.74
20098410,0.16,0.39,0.89,0.68,0.68,0.57,0.60,0.58,0.68,0.12,0.19,0.16,0.00,0.02,-0.00,1.17,0.91,6.00,0.51,0.51,0.51
20099348,3.65,3.41,8.05,0.61,0.61,-0.42,0.68,0.68,-0.09,-0.25,-0.21,-0.25,-0.25,-0.25,-0.01,6.00,6.00,6.00,0.51,0.51,0.51
20100265,0.88,1.21,5.37,0.55,0.55,-0.09,0.67,0.66,-0.09,-0.12,-0.15,0.01,0.11,0.13,0.25,1.03,6.00,6.00,0.51,0.51,0.51
20101864,7.29,7.29,6946.47,0.60,0.59,-0.09,0.59,0.60,-0.59,-0.25,-0.25,-0.25,-0.05,-0.02,-0.25,4.74,5.16,6.00,6.80,6.80,0.51
20101918,8.13,41.71,1.06,0.68,-0.09,0.63,0.60,-0.09,0.68,0.25,-0.25,0.11,0.25,0.01,0.25,2.01,6.00,6.00,0.51,0.51,0.62
20102092,2.46,1.87,0.88,0.68,0.68,0.68,-0.68,-0.68,-0.68,-0.25,-0.25,-0.25,-0.25,-0.25,-0.25,0.50,0.50,0.50,5.12,5.17,4.96
20102108,14.56,15.72,4.74,0.68,0.68,0.68,0.68,0.68,0.68,0.25,0.25,0.25,0.25,0.25,0.25,0.50,0.50,0.50,2.72,2.47,2.43
20104521,0.29,0.68,0.27,0.53,0.34,0.37,0.68,0.68,0.68,-0.25,-0.25,-0.25,-0.25,-0.25,-0.25,0.78,0.50,0.61,6.80,3.37,5.15
20104728,1.79,0.80,2.10,0.51,0.53,0.38,0.68,0.68,0.68,-0.12,-0.12,-0.19,0.25,0.25,0.25,1.28,0.67,5.08,0.71,0.69,0.51
20104732,0.10,0.24,0.07,0.51,0.52,0.34,0.68,0.68,0.68,-0.25,-0.25,-0.25,0.25,0.25,0.25,0.91,0.72,0.94,0.55,0.52,0.74
20104784,2.63,2.21,1.48,0.57,0.59,0.43,0.64,0.60,0.60,-0.14,-0.20,-0.01,-0.15,-0.25,0.25,6.00,1.75,5.15,0.51,0.51,6.80
20105514,1.68,0.56,0.41,-0.68,-0.68,-0.68,-0.20,-0.19,0.04,0.25,0.25,0.25,0.25,0.25,0.25,0.50,0.50,0.50,1.35,1.38,1.52
20106178,2.62,4.51,6.60,0.46,0.42,-0.08,0.68,0.68,-0.09,-0.25,-0.25,0.14,-0.25,-0.25,-0.13,0.50,0.66,6.00,1.63,1.24,0.51
20107012,1.40,4.74,265.50,0.68,0.60,-0.25,0.54,0.59,-0.59,0.16,0.25,-0.04,0.18,-0.17,0.25,6.00,6.00,4.38,0.51,3.68,0.51
20108913,80.59,20.21,4.63,-0.08,-0.08,-0.09,-0.09,-0.09,-0.08,0.01,-0.25,0.25,-0.25,0.04,0.08,5.22,6.00,6.00,0.51,0.51,0.51
20108922,0.15,0.19,0.17,0.68,0.68,0.58,0.68,0.68,0.68,-0.09,-0.10,-0.25,-0.05,0.02,0.17,6.00,6.00,2.53,0.51,1.05,6.80
20110368,13.36,4.62,4.06,0.68,0.62,0.52,0.68,0.61,0.68,0.25,0.25,0.25,0.17,0.25,0.24,0.50,6.00,1.86,0.51,0.51,0.51
20110940,5.69,244.18,5.09,0.59,-0.68,-0.09,0.60,-0.68,-0.08,-0.09,0.25,0.14,-0.25,-0.25,0.09,4.82,0.50,6.00,6.80,0.51,0.51
20113494,4.52,2.76,2.56,0.68,0.68,0.68,0.59,0.58,0.68,0.25,0.25,0.25,0.18,0.18,0.17,0.50,0.50,0.50,1.22,1.29,1.07
20113841,1.38,3.89,0.79,0.60,0.65,0.44,0.50,0.51,0.68,0.24,0.25,0.25,0.25,0.25,0.25,6.00,4.16,5.51,1.30,0.58,1.21
20113878,1.79,1.95,0.85,0.60,0.68,0.68,0.59,-0.00,-0.13,0.25,0.25,0.25,-0.25,-0.25,-0.25,3.81,0.50,0.50,6.79,3.48,3.68
20114542,0.60,2.20,0.22,0.58,0.60,0.44,0.51,0.51,0.68,-0.22,-0.25,-0.17,-0.25,-0.25,-0.25,1.12,1.07,0.52,0.51,0.51,0.51
20115556,9.49,1.49,2320.91,0.60,0.60,-0.08,0.61,0.68,-0.60,-0.14,-0.18,0.08,0.08,0.04,0.12,4.08,6.00,4.99,0.51,0.51,0.51
20115662,8.14,19.48,4.95,0.40,-0.08,0.09,0.62,-0.08,-0.09,0.08,-0.01,-0.04,-0.25,0.25,-0.25,4.71,6.00,6.00,0.51,0.51,0.51
20116180,3.18,39.59,2.04,0.68,-0.09,0.68,-0.10,-0.08,0.06,-0.21,0.25,-0.25,-0.25,0.14,-0.25,0.50,6.00,0.50,1.34,0.51,1.16
20116518,4.01,4.39,27.01,0.68,0.60,-0.08,0.68,0.60,-0.09,0.25,0.25,-0.25,-0.17,-0.11,0.07,1.98,4.44,6.00,6.80,6.80,0.51
20116528,0.19,0.26,0.26,0.57,0.56,-0.68,0.68,0.68,-0.68,0.25,0.25,0.25,0.14,0.03,-0.25,6.00,4.75,0.50,4.57,6.80,6.80
20116700,0.06,0.27,0.08,0.42,0.25,0.26,0.60,0.59,0.59,-0.10,-0.04,-0.14,0.25,0.25,0.25,4.25,4.25,3.80,6.80,6.80,6.80
20117264,401.29,3.26,6.71,-0.68,0.58,0.47,-0.68,0.68,0.68,0.25,-0.25,-0.25,-0.25,0.25,0.25,0.50,6.00,1.69,0.51,0.84,0.51
20117657,0.15,0.11,0.08,0.58,0.58,0.42,0.47,0.45,0.59,0.02,0.04,-0.17,-0.08,-0.12,-0.03,0.58,0.81,6.00,0.51,0.51,6.80
20117679,0.22,1.35,0.10,0.48,0.49,0.36,0.55,0.57,0.68,0.22,0.25,0.16,-0.19,-0.16,-0.24,3.78,6.00,6.00,0.51,0.51,0.51
20118590,11.51,1.16,1.13,0.60,0.60,0.57,0.60,0.59,0.68,-0.25,-0.25,-0.25,0.25,0.25,0.25,4.33,3.21,6.00,3.52,6.80,6.80
20118617,0.42,0.56,0.55,0.60,0.58,0.39,0.62,0.61,0.68,0.25,0.25,0.25,0.16,0.14,0.15,0.51,0.68,0.50,0.59,0.59,0.65
20120578,7.26,89.39,32.85,0.59,-0.26,-0.08,0.59,-0.59,-0.09,0.24,0.04,-0.25,0.25,-0.25,0.14,4.95,5.79,6.00,6.80,0.51,0.51
20121333,0.02,0.04,0.05,0.40,0.45,0.34,0.62,0.62,0.68,0.25,0.25,0.22,-0.12,-0.18,-0.14,0.50,0.50,0.50,0.59,0.56,0.58
20122211,0.37,2.15,0.27,0.57,0.59,0.44,0.68,0.60,0.68,-0.14,-0.08,-0.14,0.13,-0.07,-0.10,6.00,6.00,6.00,0.51,5.80,0.56
20122248,1.80,539.02,1.80,0.68,-0.60,0.57,0.68,-0.25,0.68,-0.08,-0.04,-0.21,0.25,-0.25,0.25,6.00,6.00,6.00,3.16,0.51,0.81
20123343,2.08,17.37,6.78,0.62,0.67,0.52,0.68,0.68,0.68,-0.07,0.17,0.09,0.12,0.09,0.03,2.21,1.84,0.50,0.51,0.51,0.51
20123468,2.54,1.29,1.97,-0.68,-0.68,-0.68,-0.68,-0.68,-0.63,-0.05,-0.03,-0.06,0.25,0.25,0.25,0.50,0.50,0.50,1.99,1.97,1.78
20124768,0.50,0.30,1.81,0.55,0.60,0.41,0.58,0.64,0.68,0.25,0.25,0.25,0.14,0.25,0.19,6.00,6.00,4.35,3.06,1.62,0.51
20125230,50.04,2.31,14.17,-0.42,0.60,-0.08,-0.25,0.42,-0.08,0.20,-0.25,-0.01,-0.09,-0.13,-0.25,5.98,4.59,6.00,0.51,6.80,0.51
20125345,1.57,2.41,1.21,0.59,0.43,0.40,0.59,0.59,0.68,-0.25,-0.25,-0.25,0.25,0.22,0.25,6.00,4.52,6.00,6.80,6.80,1.26
20126020,1.06,2.75,1.74,0.63,0.68,0.68,0.61,0.61,0.68,0.25,0.25,0.25,0.12,0.14,0.02,6.00,6.00,2.30,1.26,1.02,0.99
20126340,3.83,6.14,4.08,0.68,0.68,-0.09,0.59,0.59,-0.09,0.25,0.25,-0.07,0.09,0.09,0.03,2.81,6.00,6.00,6.80,0.98,0.51
20126441,0.05,0.27,0.14,0.64,0.65,0.53,0.68,0.67,0.68,0.00,0.00,-0.09,0.25,0.25,0.25,6.00,6.00,6.00,0.77,0.56,1.24
20128758,1.01,1.73,1.12,0.68,0.68,0.68,-0.68,-0.68,-0.68,-0.25,-0.25,-0.25,-0.25,-0.25,-0.25,0.50,0.50,0.50,4.18,4.41,4.32
20131329,0.32,0.43,0.08,0.42,0.45,0.36,0.60,0.67,0.68,0.25,0.15,0.25,-0.11,-0.25,-0.15,6.00,6.00,6.00,6.77,0.80,2.85
20131378,1.12,1.26,0.33,0.50,0.43,0.30,0.68,0.68,0.68,0.25,0.24,0.14,-0.25,-0.25,-0.25,4.56,3.80,3.28,6.80,6.80,6.80
20131940,1.94,2.83,4441.20,0.60,0.60,-0.09,0.63,0.60,-0.08,0.08,0.25,0.22,0.11,0.25,0.25,6.00,6.00,6.00,1.19,5.62,0.51
20133063,53.83,1.47,1.93,-0.08,0.68,0.62,-0.09,0.68,0.68,0.25,-0.25,-0.25,-0.03,0.25,0.25,6.00,1.87,1.63,0.51,1.13,0.91
20134448,2.25,4.14,1.75,0.52,0.54,0.44,0.68,0.68,0.68,0.16,0.22,0.08,0.15,0.19,0.15,1.39,1.73,3.25,0.52,0.51,0.61
20134459,5.53,7.91,4.31,0.42,0.43,-0.09,0.59,0.60,-0.08,0.25,0.25,0.08,0.25,0.25,0.06,4.09,4.73,6.00,6.80,5.28,0.51
20134612,0.02,0.03,0.05,0.60,0.63,0.59,0.51,0.49,0.60,-0.25,-0.25,-0.25,-0.25,-0.25,-0.25,6.00,6.00,3.55,2.47,2.44,6.80
20135904,51.49,8.87,0.80,-0.09,0.63,0.43,-0.08,0.56,0.60,-0.09,0.25,0.06,-0.04,-0.25,0.02,6.00,0.50,5.88,0.51,0.51,6.80
20136073,0.02,0.07,0.02,0.68,0.68,0.61,0.49,0.47,0.65,0.11,0.18,0.12,0.02,0.01,0.05,6.00,6.00,6.00,0.51,0.51,0.54
20136090,1.28,1.54,15.51,0.68,0.68,-0.09,0.65,0.65,-0.08,0.25,0.25,-0.02,-0.25,-0.25,-0.25,0.94,0.75,6.00,0.51,0.51,0.51
20137978,2.23,4.21,2.90,0.60,0.68,-0.09,0.59,0.56,0.08,-0.25,-0.04,-0.02,0.10,0.11,-0.25,6.00,6.00,6.00,6.80,0.51,0.51
20138024,0.02,0.03,0.01,0.59,0.60,0.68,0.60,0.59,-0.09,0.16,0.16,0.19,-0.25,-0.25,-0.25,3.65,3.97,0.50,6.80,6.80,6.80
20138025,0.53,0.99,1.84,0.59,0.60,0.42,0.59,0.60,0.59,0.25,0.25,0.25,0.08,0.13,0.16,3.78,3.51,4.78,6.80,6.68,6.80
20138886,62.00,59.11,0.42,-0.68,-0.08,0.62,-0.68,-0.09,0.68,-0.25,-0.25,-0.20,-0.25,0.03,-0.19,0.50,4.83,6.00,0.51,0.51,0.51
20140880,3.38,0.83,4.83,0.67,0.68,-0.09,0.68,0.66,-0.08,0.25,0.25,-0.02,-0.25,-0.10,0.25,6.00,6.00,6.00,3.34,3.33,0.51
20140942,0.25,5.14,0.41,0.65,-0.08,0.55,0.68,-0.08,0.68,0.25,0.25,0.20,-0.00,-0.01,-0.25,0.85,6.00,6.00,0.51,0.51,0.51
20141854,7.79,16.09,3.18,0.60,0.59,0.43,0.49,0.42,0.60,-0.14,-0.25,-0.25,0.09,0.25,0.25,6.00,4.64,4.53,0.65,6.80,6.80
20141979,0.34,0.47,0.16,0.58,0.60,0.46,0.51,0.49,0.63,0.16,0.22,0.25,-0.15,-0.16,-0.15,0.50,0.50,0.50,0.63,0.64,0.71
20143240,0.50,3.90,2.47,0.45,0.45,0.25,0.55,0.58,0.60,0.22,-0.03,-0.19,0.00,0.11,-0.02,0.52,6.00,5.58,0.51,0.51,6.80
20144820,0.71,1.00,0.79,0.60,0.60,0.42,0.59,0.60,0.60,-0.17,-0.16,-0.22,0.25,0.25,0.25,3.71,3.99,4.49,6.80,6.80,6.80
20144959,1.70,0.34,0.35,0.57,0.65,0.54,0.51,0.52,0.68,-0.09,0.10,0.01,0.25,0.25,0.25,6.00,6.00,6.00,1.61,1.26,2.42
20146083,0.07,0.07,0.05,0.59,0.68,0.68,0.59,0.68,0.68,0.12,0.25,0.20,0.25,0.25,0.25,3.36,0.50,0.50,6.80,6.80,6.80
20146111,3.12,9.09,8.21,0.65,0.60,-0.09,0.55,0.60,-0.09,-0.09,-0.25,0.07,-0.25,-0.25,-0.25,6.00,5.04,6.00,0.55,3.18,0.51
20146962,0.93,0.37,0.31,0.59,0.59,-0.68,0.60,0.60,-0.68,0.25,0.25,0.17,-0.02,0.08,0.25,4.13,3.94,0.50,6.80,6.80,5.97
20147077,0.32,0.45,0.34,-0.56,-0.68,0.21,0.68,0.68,0.68,0.25,0.25,0.19,-0.07,0.14,0.25,3.17,3.09,2.05,6.80,6.80,6.80
20147497,0.04,0.05,0.06,0.68,0.59,0.31,0.68,0.59,0.68,-0.25,-0.25,-0.25,0.25,0.25,0.25,0.50,3.63,0.78,6.80,6.80,6.80
20147841,1.93,13.24,8.42,0.50,-0.08,-0.08,0.57,-0.08,-0.08,0.15,0.12,0.19,-0.10,0.25,0.05,5.46,6.00,6.00,1.01,0.51,0.51
20150625,0.30,0.58,4.84,0.43,0.43,0.08,0.59,0.60,-0.08,0.16,0.15,0.25,-0.25,-0.25,0.06,3.98,3.52,6.00,6.80,6.80,0.51
20150793,4.50,1.87,0.52,-0.68,-0.68,-0.68,0.68,0.68,0.68,0.25,0.25,0.25,0.25,0.25,0.25,0.50,0.50,0.69,4.27,4.14,4.57
20150879,0.40,0.32,0.31,0.58,0.60,0.20,0.60,0.60,0.24,-0.09,-0.25,-0.25,-0.25,0.25,0.25,6.00,3.76,0.50,6.80,6.80,1.32
20150887,278.37,10.08,0.75,-0.68,-0.08,0.42,-0.68,-0.08,0.60,-0.25,0.25,-0.20,-0.25,0.07,-0.25,0.50,6.00,4.39,0.51,0.51,6.80
20151710,13.50,70.91,4.89,0.59,-0.68,0.42,0.59,-0.68,0.60,-0.25,-0.25,-0.25,0.04,-0.25,0.03,3.97,0.50,5.35,6.80,0.51,6.80
20152174,1.51,6.05,0.79,0.54,0.60,0.50,0.68,0.60,0.68,0.12,0.21,0.12,-0.25,-0.25,-0.16,6.00,4.89,3.94,6.17,6.80,6.80
20152736,2.03,1.85,8.36,0.59,0.60,-0.43,0.60,0.60,-0.60,-0.10,-0.08,-0.25,0.25,0.25,-0.18,3.99,4.29,6.00,6.79,6.80,0.58
20154065,0.56,0.63,0.31,0.50,0.43,0.23,0.67,0.61,0.68,-0.19,-0.25,-0.25,0.09,0.25,0.25,6.00,6.00,5.96,0.51,4.41,6.80
20154080,59.19,3.77,1.37,-0.43,0.59,0.60,-0.09,0.43,0.60,-0.13,-0.25,0.12,0.00,-0.25,-0.24,6.00,5.15,5.05,0.53,6.80,6.80
20154767,0.20,1.71,0.22,0.61,0.61,0.41,0.67,0.66,0.68,0.18,0.24,0.14,0.25,0.25,0.25,0.75,0.76,0.71,0.52,0.51,0.51
20155018,34.50,1.41,3.82,-0.08,0.62,-0.09,-0.08,0.58,0.59,0.13,0.25,-0.05,-0.08,-0.04,0.05,5.99,6.00,6.00,0.51,0.51,0.51
20156508,0.07,1.74,10.59,0.59,0.59,-0.09,0.60,0.60,-0.09,-0.25,-0.25,-0.01,-0.01,-0.05,0.25,6.00,4.11,6.00,6.80,6.80,0.51
20156533,4.89,218.78,8.88,0.59,-0.68,-0.10,0.43,0.68,0.26,0.25,-0.25,0.25,0.17,-0.25,0.24,4.39,0.50,2.64,6.80,0.51,0.51
20157347,2.49,20.79,1.00,0.68,-0.68,0.56,0.56,-0.68,0.68,-0.19,-0.25,-0.24,0.00,-0.25,-0.03,1.77,0.51,6.00,0.51,0.51,0.52
20157365,1.70,11.63,1.25,0.68,0.59,0.57,0.63,0.60,0.68,-0.03,-0.25,-0.25,0.02,0.25,0.25,6.00,5.57,6.00,0.51,6.80,1.49
20157435,0.00,0.01,0.01,0.68,0.67,0.49,0.61,0.57,0.66,-0.16,-0.20,-0.14,0.25,0.25,0.25,0.64,0.55,0.50,0.51,0.51,0.51
20157643,4650.30,2.76,1.08,-0.60,0.60,0.60,-0.25,0.59,0.60,-0.24,0.25,0.25,0.02,-0.25,-0.25,6.00,4.44,4.10,0.52,6.80,6.80
20158155,4.23,2.70,0.95,-0.68,0.60,0.42,0.57,0.59,0.68,0.25,0.25,-0.25,0.16,0.13,0.10,0.50,3.80,4.21,2.18,6.80,6.80
20158777,0.43,6.87,2.17,0.68,-0.09,0.65,0.68,-0.08,0.68,0.03,-0.20,0.06,-0.08,-0.09,-0.16,0.50,6.00,2.29,0.55,0.51,0.51
20159523,0.85,1.90,1.62,0.67,0.65,0.59,0.66,0.63,0.59,-0.19,0.09,-0.25,-0.08,0.25,0.25,0.68,6.00,1.99,0.51,0.51,0.51
20160285,5.30,0.72,0.44,0.63,0.63,0.51,0.63,0.62,0.68,-0.25,-0.25,-0.23,0.20,0.25,0.24,2.94,0.50,6.00,0.51,0.51,0.51
20160349,3.52,39.82,0.82,0.66,-0.08,0.57,0.68,-0.60,0.68,0.25,0.25,0.23,-0.25,0.25,-0.25,5.73,6.00,6.00,0.51,0.51,0.79
20160960,0.68,0.08,36.76,0.44,0.43,-0.26,0.59,0.60,-0.60,0.25,0.05,0.08,0.04,-0.02,0.04,6.00,2.76,6.00,6.80,6.80,0.51
20161802,0.78,0.83,0.69,0.55,0.57,0.47,0.68,0.68,0.68,-0.21,-0.21,-0.25,0.12,0.17,-0.03,6.00,6.00,6.00,0.51,0.51,0.95
20164023,1.57,3.61,2.39,0.65,0.60,0.60,0.58,0.59,0.59,0.02,0.22,0.25,-0.24,-0.25,-0.25,6.00,5.83,5.46,0.51,6.80,6.80
20164239,0.78,1.15,0.69,0.60,0.60,0.60,0.60,0.60,0.43,-0.05,0.02,0.25,0.25,0.18,0.25,3.78,3.60,3.23,6.80,6.80,6.80
20164252,22.06,1.59,28.12,0.59,0.68,-0.68,0.59,0.63,-0.68,-0.03,-0.11,0.25,0.10,-0.20,-0.25,6.00,6.00,0.50,0.51,0.55,0.51
20164458,0.09,0.10,0.08,0.60,0.66,0.52,0.60,0.62,0.68,-0.22,0.00,-0.15,0.25,-0.06,0.04,4.20,6.00,6.00,6.80,0.51,0.51
20164774,0.02,3.18,8.54,0.61,0.60,-0.08,0.68,0.68,-0.08,-0.25,-0.21,0.03,-0.16,-0.10,0.02,6.00,6.00,6.00,0.51,0.51,0.51
20164902,0.93,4.42,3.81,0.60,0.60,0.43,0.60,0.60,0.61,-0.25,-0.25,-0.18,-0.10,-0.08,0.04,1.90,2.16,6.00,0.51,0.51,0.51
20164913,0.11,0.12,0.05,0.56,0.57,0.40,0.62,0.62,0.68,0.25,0.25,-0.25,-0.25,-0.25,0.25,4.30,6.00,6.00,0.51,0.51,2.94
20165077,0.23,0.62,0.77,0.59,0.60,0.51,0.68,0.68,0.68,0.02,-0.00,-0.07,-0.25,-0.25,-0.25,6.00,6.00,6.00,1.57,2.24,1.20
20167352,0.06,0.30,0.16,0.48,0.47,0.35,0.58,0.59,0.68,0.15,0.22,-0.06,-0.02,0.02,0.22,6.00,6.00,6.00,0.51,0.51,0.51
20169451,0.12,0.32,0.22,0.56,0.57,0.44,0.60,0.60,0.68,0.00,0.01,-0.25,0.25,0.25,-0.06,2.17,3.63,6.00,0.51,0.51,0.51
20170336,0.21,0.19,0.10,0.59,0.59,0.45,0.59,0.59,-0.68,-0.07,-0.16,-0.23,-0.25,-0.25,-0.25,4.41,4.24,0.50,6.80,6.80,6.14
20170356,1.30,17.91,0.78,0.56,0.64,0.46,0.42,0.47,0.60,0.10,0.14,0.15,0.16,0.25,0.10,0.50,0.50,6.00,0.51,0.51,0.51
20170448,1.06,1.45,0.68,0.59,0.60,-0.68,0.42,0.42,0.68,0.16,0.15,0.05,-0.25,-0.25,-0.25,3.93,3.69,0.50,6.80,6.80,6.79
20171078,8.99,0.87,2.83,0.56,0.55,0.25,0.44,0.44,-0.08,0.19,0.25,0.16,-0.22,-0.11,-0.06,6.00,6.00,6.00,0.51,0.51,0.51
20171131,3.13,2.63,1.24,0.68,0.68,0.68,0.20,0.20,0.31,0.25,0.25,0.25,-0.25,-0.25,-0.25,0.50,0.50,0.50,1.69,1.69,1.51
20171168,0.63,0.40,0.17,0.59,0.55,0.42,0.59,0.59,0.59,0.25,0.25,0.25,0.25,0.21,0.25,4.37,6.00,4.57,6.80,0.51,6.80
20171770,0.69,1.58,1.69,0.47,0.46,0.26,0.51,0.51,0.59,0.25,0.25,-0.15,0.25,0.25,0.02,2.01,6.00,4.63,0.87,1.60,6.80
20172780,1.75,7.31,0.61,0.49,0.60,0.40,0.61,0.60,0.68,0.08,0.15,0.04,-0.25,0.25,-0.25,1.37,5.76,1.21,0.55,6.80,0.51
20172852,1.21,3.06,1.38,0.53,0.58,0.48,0.56,0.55,0.68,-0.08,0.04,0.07,-0.25,-0.25,-0.25,0.50,4.42,6.00,0.53,0.51,0.60
20176089,1.57,2.38,0.71,0.43,0.43,0.27,0.56,0.57,0.64,-0.21,-0.24,-0.24,-0.08,-0.08,-0.07,2.80,2.86,6.00,0.51,0.51,0.51
20176267,0.87,1.00,65.81,0.58,0.58,-0.60,0.54,0.55,-0.25,-0.12,-0.18,0.11,-0.24,-0.25,-0.25,6.00,6.00,6.00,1.11,0.85,0.51
20176281,0.03,0.03,0.02,0.59,-0.68,-0.68,0.42,-0.68,-0.68,0.00,0.25,0.25,0.00,0.20,0.19,3.88,0.50,0.50,6.80,4.78,5.12
20177231,0.02,0.05,0.03,0.57,0.57,0.46,0.50,0.48,0.63,-0.21,-0.25,-0.15,-0.09,-0.02,0.01,0.74,2.24,6.00,0.51,0.51,0.68
20178236,215.69,7.93,2.58,-0.68,0.26,0.26,-0.68,0.59,0.59,0.25,-0.13,-0.13,-0.25,-0.25,-0.25,0.50,5.13,5.03,0.51,6.80,6.80
20179861,0.97,0.52,0.21,0.59,0.56,0.40,0.59,0.56,0.68,-0.11,-0.25,-0.25,0.06,0.25,0.25,6.00,6.00,6.00,6.80,0.51,0.65
20180229,2.54,5.39,2.72,-0.68,0.25,0.07,-0.68,0.25,0.41,-0.05,0.00,-0.04,0.25,0.25,0.25,0.50,4.22,3.33,1.96,2.08,0.94
20180625,0.06,0.12,0.03,0.55,0.56,0.43,0.63,0.63,0.68,0.09,0.11,0.14,-0.02,0.03,0.01,3.30,6.00,6.00,0.51,0.51,0.51
20182582,1.33,0.90,2.93,0.07,0.09,-0.10,-0.68,-0.68,-0.68,-0.25,-0.25,-0.25,0.25,0.25,0.25,0.50,0.50,0.50,1.99,2.01,1.45
20184408,0.17,1.13,0.43,0.64,0.66,0.52,0.56,0.57,0.68,-0.25,-0.25,-0.24,-0.25,-0.25,-0.18,1.30,6.00,6.00,0.60,0.51,0.73
20185058,0.03,0.06,0.01,0.66,0.68,0.62,0.66,0.68,0.68,0.25,0.25,0.23,0.16,0.24,0.10,1.11,5.80,6.00,0.51,0.51,0.97
20185750,0.08,0.10,0.04,-0.68,-0.68,-0.68,-0.68,-0.68,-0.68,-0.10,-0.08,-0.00,0.25,0.25,0.25,0.50,0.50,0.50,4.08,4.06,4.20
20186565,0.01,0.01,0.02,0.67,0.68,0.64,0.60,0.62,0.68,0.12,0.14,-0.23,0.12,0.23,-0.20,0.50,0.50,3.87,0.53,0.60,1.76
20187198,0.11,0.26,0.06,0.65,0.68,0.55,0.68,0.68,0.68,0.08,0.10,0.01,0.24,0.25,0.22,0.99,1.01,6.00,0.55,0.54,3.67
20187789,0.21,0.40,0.45,0.54,0.55,0.38,0.61,0.62,0.68,0.13,0.18,0.05,-0.04,-0.03,-0.11,0.50,0.50,6.00,0.55,0.59,1.16
20187796,1.27,2.12,1.13,0.60,0.59,0.46,0.59,0.60,0.68,-0.25,-0.25,-0.25,-0.25,-0.25,-0.25,3.64,3.88,3.18,6.79,6.80,6.80
20187931,0.55,1.40,0.48,0.53,0.54,0.41,0.68,0.68,0.68,-0.02,-0.04,-0.11,-0.04,-0.06,-0.05,0.57,0.54,0.69,0.53,0.51,0.61
20188016,0.07,0.04,0.03,0.57,0.68,0.68,0.68,0.68,-0.68,0.06,-0.17,0.09,-0.25,-0.25,-0.25,5.49,2.33,0.50,6.80,6.80,6.24
20188585,0.06,0.47,0.08,0.60,0.42,0.40,0.60,0.59,0.68,-0.08,-0.05,-0.25,0.17,0.25,0.25,4.49,5.64,6.00,6.80,6.80,0.51
20189675,1.51,2.01,1.85,0.63,0.59,0.59,0.68,0.60,0.68,-0.16,0.04,0.11,-0.07,-0.04,0.20,6.00,4.50,6.00,0.76,6.80,1.27
20192836,0.03,0.03,0.04,0.60,0.62,0.60,0.59,0.54,0.59,-0.10,0.04,-0.05,0.25,0.25,0.25,3.43,6.00,3.90,6.80,6.80,6.80
20192852,0.47,0.69,0.25,0.67,0.60,0.60,0.52,0.60,0.59,-0.17,-0.25,-0.25,-0.25,-0.25,-0.25,6.00,3.89,3.97,1.65,6.80,6.80
20227097,1.10,0.54,0.57,0.61,0.66,0.54,0.60,0.64,0.68,0.25,0.25,0.25,0.25,0.25,0.25,6.00,6.00,6.00,6.80,1.40,1.69
20275805,0.38,2.21,0.29,0.53,0.53,0.45,0.68,0.68,0.68,-0.06,-0.09,-0.25,-0.15,0.14,-0.23,3.41,6.00,2.81,0.51,0.51,0.51
20294576,4.94,12.14,0.71,0.68,-0.08,0.66,0.66,-0.08,0.68,0.25,-0.04,0.18,-0.18,0.25,0.03,6.00,6.00,6.00,0.51,0.52,1.25
0,0.00,0.00,0.00,0.00,0.00,0.00,0.00,0.00,0.00,0.00,0.00,0.00,0.00,0.00,0.00,0.00,0.00,0.00,0.00,0.00,0.00
0,0.00,0.00,0.00,0.00,0.00,0.00,0.00,0.00,0.00,0.00,0.00,0.00,0.00,0.00,0.00,0.00,0.00,0.00,0.00,0.00,0.00
0,0.00,0.00,0.00,0.00,0.00,0.00,0.00,0.00,0.00,0.00,0.00,0.00,0.00,0.00,0.00,0.00,0.00,0.00,0.00,0.00,0.00
0,0.00,0.00,0.00,0.00,0.00,0.00,0.00,0.00,0.00,0.00,0.00,0.00,0.00,0.00,0.00,0.00,0.00,0.00,0.00,0.00,0.00
0,0.00,0.00,0.00,0.00,0.00,0.00,0.00,0.00,0.00,0.00,0.00,0.00,0.00,0.00,0.00,0.00,0.00,0.00,0.00,0.00,0.00
0,0.00,0.00,0.00,0.00,0.00,0.00,0.00,0.00,0.00,0.00,0.00,0.00,0.00,0.00,0.00,0.00,0.00,0.00,0.00,0.00,0.00
